run_id,timestamp,model_name,parameters,n_features,features_used,training_time_seconds,memory_used_mb,cv_mean,cv_std,cv_scores,test_mae,test_mse,test_rmse,test_r2
random_forest_0_9405eba0,2025-12-21T03:11:31.088114,random_forest,"{""max_depth"": 10, ""min_samples_leaf"": 5, ""min_samples_split"": 10, ""n_estimators"": 200}",8,"[""\uc794\uc561_\ub9ac\ubcfc\ube59\uc77c\uc2dc\ubd88\uc774\uc6d4_B0M"", ""\uc6d4\uc911\ud3c9\uc794_RV\uc77c\uc2dc\ubd88"", ""\ud3c9\uc794_RV\uc77c\uc2dc\ubd88_3M"", ""\uc774\uc6a9\uae08\uc561_\uc2e0\uc6a9_B0M"", ""\uc794\uc561_\uc2e0\ud310\ud3c9\uade0\ud55c\ub3c4\uc18c\uc9c4\uc728_r6m"", ""\uce74\ub4dc\uc774\uc6a9\ud55c\ub3c4\uae08\uc561"", ""RV_\ucd5c\ub300\uc794\uc561_R12M"", ""\uc794\uc561_B0M""]",88.13483119010925,27.16015625,-170845.6367417338,997.3046258319213,"[-170091.18377935758, -171702.61102154813, -169763.16625515718, -170331.22448512318, -172339.9981674828]",179362.42845575075,57349422164.82112,239477.39384923395,0.7497361570756818
random_forest_1_9a5c5d2a,2025-12-21T03:16:45.497481,random_forest,"{""max_depth"": 10, ""min_samples_leaf"": 5, ""min_samples_split"": 10, ""n_estimators"": 400}",8,"[""\uc794\uc561_\ub9ac\ubcfc\ube59\uc77c\uc2dc\ubd88\uc774\uc6d4_B0M"", ""\uc6d4\uc911\ud3c9\uc794_RV\uc77c\uc2dc\ubd88"", ""\ud3c9\uc794_RV\uc77c\uc2dc\ubd88_3M"", ""\uc774\uc6a9\uae08\uc561_\uc2e0\uc6a9_B0M"", ""\uc794\uc561_\uc2e0\ud310\ud3c9\uade0\ud55c\ub3c4\uc18c\uc9c4\uc728_r6m"", ""\uce74\ub4dc\uc774\uc6a9\ud55c\ub3c4\uae08\uc561"", ""RV_\ucd5c\ub300\uc794\uc561_R12M"", ""\uc794\uc561_B0M""]",314.40414118766785,-1688.0,-170817.4071006928,1009.1945752990752,"[-170043.95382262117, -171726.12936342743, -169705.08819187648, -170317.55063390167, -172294.31349163735]",179343.24867242214,57325656800.52057,239427.76948491286,0.7498398653812555
random_forest_2_941e768d,2025-12-21T03:18:52.008400,random_forest,"{""max_depth"": 10, ""min_samples_leaf"": 5, ""min_samples_split"": 30, ""n_estimators"": 200}",8,"[""\uc794\uc561_\ub9ac\ubcfc\ube59\uc77c\uc2dc\ubd88\uc774\uc6d4_B0M"", ""\uc6d4\uc911\ud3c9\uc794_RV\uc77c\uc2dc\ubd88"", ""\ud3c9\uc794_RV\uc77c\uc2dc\ubd88_3M"", ""\uc774\uc6a9\uae08\uc561_\uc2e0\uc6a9_B0M"", ""\uc794\uc561_\uc2e0\ud310\ud3c9\uade0\ud55c\ub3c4\uc18c\uc9c4\uc728_r6m"", ""\uce74\ub4dc\uc774\uc6a9\ud55c\ub3c4\uae08\uc561"", ""RV_\ucd5c\ub300\uc794\uc561_R12M"", ""\uc794\uc561_B0M""]",126.49839639663696,-127.47265625,-170853.1161985472,999.1807003443408,"[-170107.13829680008, -171747.26184363876, -169772.8940123889, -170310.53344044805, -172327.75339946026]",179321.30887850217,57299477516.28253,239373.09271570714,0.7499541076531234
random_forest_3_1ac37738,2025-12-21T03:23:14.253399,random_forest,"{""max_depth"": 10, ""min_samples_leaf"": 5, ""min_samples_split"": 30, ""n_estimators"": 400}",8,"[""\uc794\uc561_\ub9ac\ubcfc\ube59\uc77c\uc2dc\ubd88\uc774\uc6d4_B0M"", ""\uc6d4\uc911\ud3c9\uc794_RV\uc77c\uc2dc\ubd88"", ""\ud3c9\uc794_RV\uc77c\uc2dc\ubd88_3M"", ""\uc774\uc6a9\uae08\uc561_\uc2e0\uc6a9_B0M"", ""\uc794\uc561_\uc2e0\ud310\ud3c9\uade0\ud55c\ub3c4\uc18c\uc9c4\uc728_r6m"", ""\uce74\ub4dc\uc774\uc6a9\ud55c\ub3c4\uae08\uc561"", ""RV_\ucd5c\ub300\uc794\uc561_R12M"", ""\uc794\uc561_B0M""]",262.2414593696594,13.56640625,-170828.60777353178,1010.774644351193,"[-170071.44456314665, -171762.61665396282, -169717.32997607012, -170298.04175959778, -172293.60591488166]",179309.8336118066,57280482544.27754,239333.4129290717,0.7500369987182949
random_forest_4_98e70979,2025-12-21T03:26:42.281081,random_forest,"{""max_depth"": 10, ""min_samples_leaf"": 10, ""min_samples_split"": 10, ""n_estimators"": 200}",8,"[""\uc794\uc561_\ub9ac\ubcfc\ube59\uc77c\uc2dc\ubd88\uc774\uc6d4_B0M"", ""\uc6d4\uc911\ud3c9\uc794_RV\uc77c\uc2dc\ubd88"", ""\ud3c9\uc794_RV\uc77c\uc2dc\ubd88_3M"", ""\uc774\uc6a9\uae08\uc561_\uc2e0\uc6a9_B0M"", ""\uc794\uc561_\uc2e0\ud310\ud3c9\uade0\ud55c\ub3c4\uc18c\uc9c4\uc728_r6m"", ""\uce74\ub4dc\uc774\uc6a9\ud55c\ub3c4\uae08\uc561"", ""RV_\ucd5c\ub300\uc794\uc561_R12M"", ""\uc794\uc561_B0M""]",208.01397156715393,-13.42578125,-170786.48462775088,998.328543043868,"[-170019.607916147, -171648.31748226695, -169723.00202013034, -170257.72598812362, -172283.76973208637]",179287.08108714301,57341835786.50981,239461.55387976128,0.7497692628353981
random_forest_5_b846fd79,2025-12-21T03:33:27.755181,random_forest,"{""max_depth"": 10, ""min_samples_leaf"": 10, ""min_samples_split"": 10, ""n_estimators"": 400}",8,"[""\uc794\uc561_\ub9ac\ubcfc\ube59\uc77c\uc2dc\ubd88\uc774\uc6d4_B0M"", ""\uc6d4\uc911\ud3c9\uc794_RV\uc77c\uc2dc\ubd88"", ""\ud3c9\uc794_RV\uc77c\uc2dc\ubd88_3M"", ""\uc774\uc6a9\uae08\uc561_\uc2e0\uc6a9_B0M"", ""\uc794\uc561_\uc2e0\ud310\ud3c9\uade0\ud55c\ub3c4\uc18c\uc9c4\uc728_r6m"", ""\uce74\ub4dc\uc774\uc6a9\ud55c\ub3c4\uae08\uc561"", ""RV_\ucd5c\ub300\uc794\uc561_R12M"", ""\uc794\uc561_B0M""]",405.4632704257965,12.5078125,-170777.51821859376,1024.3837197061723,"[-170021.44192182724, -171695.94279188142, -169638.18576920376, -170252.02620865556, -172279.99440140085]",179282.56717503112,57332690641.457985,239442.45789220004,0.7498091708075865
random_forest_6_48e8aea8,2025-12-21T03:36:57.471811,random_forest,"{""max_depth"": 10, ""min_samples_leaf"": 10, ""min_samples_split"": 30, ""n_estimators"": 200}",8,"[""\uc794\uc561_\ub9ac\ubcfc\ube59\uc77c\uc2dc\ubd88\uc774\uc6d4_B0M"", ""\uc6d4\uc911\ud3c9\uc794_RV\uc77c\uc2dc\ubd88"", ""\ud3c9\uc794_RV\uc77c\uc2dc\ubd88_3M"", ""\uc774\uc6a9\uae08\uc561_\uc2e0\uc6a9_B0M"", ""\uc794\uc561_\uc2e0\ud310\ud3c9\uade0\ud55c\ub3c4\uc18c\uc9c4\uc728_r6m"", ""\uce74\ub4dc\uc774\uc6a9\ud55c\ub3c4\uae08\uc561"", ""RV_\ucd5c\ub300\uc794\uc561_R12M"", ""\uc794\uc561_B0M""]",209.70248556137085,-13.6640625,-170791.09609249388,1000.3440745100676,"[-170014.93354866237, -171671.87509063125, -169726.96248604418, -170262.75633903014, -172278.95299810154]",179284.70793292864,57334461046.96313,239446.15479677916,0.7498014450368895
random_forest_7_f01761af,2025-12-21T03:43:38.327568,random_forest,"{""max_depth"": 10, ""min_samples_leaf"": 10, ""min_samples_split"": 30, ""n_estimators"": 400}",8,"[""\uc794\uc561_\ub9ac\ubcfc\ube59\uc77c\uc2dc\ubd88\uc774\uc6d4_B0M"", ""\uc6d4\uc911\ud3c9\uc794_RV\uc77c\uc2dc\ubd88"", ""\ud3c9\uc794_RV\uc77c\uc2dc\ubd88_3M"", ""\uc774\uc6a9\uae08\uc561_\uc2e0\uc6a9_B0M"", ""\uc794\uc561_\uc2e0\ud310\ud3c9\uade0\ud55c\ub3c4\uc18c\uc9c4\uc728_r6m"", ""\uce74\ub4dc\uc774\uc6a9\ud55c\ub3c4\uae08\uc561"", ""RV_\ucd5c\ub300\uc794\uc561_R12M"", ""\uc794\uc561_B0M""]",400.8399131298065,15.55078125,-170779.97781391576,1025.34831633744,"[-170022.78724188817, -171709.6493725287, -169635.73727816803, -170256.4953231342, -172275.21985385971]",179283.20925798902,57325138656.05906,239426.68743492037,0.7498421264820518
random_forest_8_eb9519e7,2025-12-21T03:46:36.878062,random_forest,"{""max_depth"": 20, ""min_samples_leaf"": 5, ""min_samples_split"": 10, ""n_estimators"": 200}",8,"[""\uc794\uc561_\ub9ac\ubcfc\ube59\uc77c\uc2dc\ubd88\uc774\uc6d4_B0M"", ""\uc6d4\uc911\ud3c9\uc794_RV\uc77c\uc2dc\ubd88"", ""\ud3c9\uc794_RV\uc77c\uc2dc\ubd88_3M"", ""\uc774\uc6a9\uae08\uc561_\uc2e0\uc6a9_B0M"", ""\uc794\uc561_\uc2e0\ud310\ud3c9\uade0\ud55c\ub3c4\uc18c\uc9c4\uc728_r6m"", ""\uce74\ub4dc\uc774\uc6a9\ud55c\ub3c4\uae08\uc561"", ""RV_\ucd5c\ub300\uc794\uc561_R12M"", ""\uc794\uc561_B0M""]",178.53624629974365,161.94140625,-172126.679402794,774.0282164666315,"[-171529.85262750174, -172789.73856457195, -171388.04698585044, -171617.86166676876, -173307.89716927713]",180202.15620395358,57621957392.21926,240045.7402084429,0.7485468562812484
random_forest_9_1d8c1135,2025-12-21T03:54:33.980870,random_forest,"{""max_depth"": 20, ""min_samples_leaf"": 5, ""min_samples_split"": 10, ""n_estimators"": 400}",8,"[""\uc794\uc561_\ub9ac\ubcfc\ube59\uc77c\uc2dc\ubd88\uc774\uc6d4_B0M"", ""\uc6d4\uc911\ud3c9\uc794_RV\uc77c\uc2dc\ubd88"", ""\ud3c9\uc794_RV\uc77c\uc2dc\ubd88_3M"", ""\uc774\uc6a9\uae08\uc561_\uc2e0\uc6a9_B0M"", ""\uc794\uc561_\uc2e0\ud310\ud3c9\uade0\ud55c\ub3c4\uc18c\uc9c4\uc728_r6m"", ""\uce74\ub4dc\uc774\uc6a9\ud55c\ub3c4\uae08\uc561"", ""RV_\ucd5c\ub300\uc794\uc561_R12M"", ""\uc794\uc561_B0M""]",477.0966606140137,196.67578125,-171993.1710056292,786.1722582426595,"[-171403.24791440458, -172719.51860763557, -171119.6108191163, -171593.63985769515, -173129.83782929453]",180128.59678289463,57556517225.93237,239909.3937842626,0.7488324268568245
random_forest_10_a4b3f381,2025-12-21T03:58:24.005933,random_forest,"{""max_depth"": 20, ""min_samples_leaf"": 5, ""min_samples_split"": 30, ""n_estimators"": 200}",8,"[""\uc794\uc561_\ub9ac\ubcfc\ube59\uc77c\uc2dc\ubd88\uc774\uc6d4_B0M"", ""\uc6d4\uc911\ud3c9\uc794_RV\uc77c\uc2dc\ubd88"", ""\ud3c9\uc794_RV\uc77c\uc2dc\ubd88_3M"", ""\uc774\uc6a9\uae08\uc561_\uc2e0\uc6a9_B0M"", ""\uc794\uc561_\uc2e0\ud310\ud3c9\uade0\ud55c\ub3c4\uc18c\uc9c4\uc728_r6m"", ""\uce74\ub4dc\uc774\uc6a9\ud55c\ub3c4\uae08\uc561"", ""RV_\ucd5c\ub300\uc794\uc561_R12M"", ""\uc794\uc561_B0M""]",230.0089795589447,-304.8984375,-171507.5346571863,792.5549381144984,"[-170977.081681758, -172245.96683764138, -170675.39392208372, -170974.98319617976, -172664.24764826868]",179616.13573348953,57280373186.95882,239333.1844666736,0.7500374759364046
random_forest_11_23613e7e,2025-12-21T04:05:45.281476,random_forest,"{""max_depth"": 20, ""min_samples_leaf"": 5, ""min_samples_split"": 30, ""n_estimators"": 400}",8,"[""\uc794\uc561_\ub9ac\ubcfc\ube59\uc77c\uc2dc\ubd88\uc774\uc6d4_B0M"", ""\uc6d4\uc911\ud3c9\uc794_RV\uc77c\uc2dc\ubd88"", ""\ud3c9\uc794_RV\uc77c\uc2dc\ubd88_3M"", ""\uc774\uc6a9\uae08\uc561_\uc2e0\uc6a9_B0M"", ""\uc794\uc561_\uc2e0\ud310\ud3c9\uade0\ud55c\ub3c4\uc18c\uc9c4\uc728_r6m"", ""\uce74\ub4dc\uc774\uc6a9\ud55c\ub3c4\uae08\uc561"", ""RV_\ucd5c\ub300\uc794\uc561_R12M"", ""\uc794\uc561_B0M""]",441.2630639076233,100.0546875,-171417.74251599505,802.371233904684,"[-170851.2768569377, -172236.1131196754, -170519.95092967385, -170961.6576962427, -172519.71397744564]",179591.34712296116,57248917177.22377,239267.45950342636,0.7501747450069931
random_forest_12_802a326a,2025-12-21T04:09:46.255544,random_forest,"{""max_depth"": 20, ""min_samples_leaf"": 10, ""min_samples_split"": 10, ""n_estimators"": 200}",8,"[""\uc794\uc561_\ub9ac\ubcfc\ube59\uc77c\uc2dc\ubd88\uc774\uc6d4_B0M"", ""\uc6d4\uc911\ud3c9\uc794_RV\uc77c\uc2dc\ubd88"", ""\ud3c9\uc794_RV\uc77c\uc2dc\ubd88_3M"", ""\uc774\uc6a9\uae08\uc561_\uc2e0\uc6a9_B0M"", ""\uc794\uc561_\uc2e0\ud310\ud3c9\uade0\ud55c\ub3c4\uc18c\uc9c4\uc728_r6m"", ""\uce74\ub4dc\uc774\uc6a9\ud55c\ub3c4\uae08\uc561"", ""RV_\ucd5c\ub300\uc794\uc561_R12M"", ""\uc794\uc561_B0M""]",240.96206855773926,-78.0,-171490.67741811796,854.4241052903178,"[-170862.7727195703, -172254.1935255814, -170645.12856691913, -170922.05988017216, -172769.2323983469]",179761.10502388433,57458838832.3011,239705.73383275815,0.7492586799773979
random_forest_13_e77508be,2025-12-21T04:17:18.933950,random_forest,"{""max_depth"": 20, ""min_samples_leaf"": 10, ""min_samples_split"": 10, ""n_estimators"": 400}",8,"[""\uc794\uc561_\ub9ac\ubcfc\ube59\uc77c\uc2dc\ubd88\uc774\uc6d4_B0M"", ""\uc6d4\uc911\ud3c9\uc794_RV\uc77c\uc2dc\ubd88"", ""\ud3c9\uc794_RV\uc77c\uc2dc\ubd88_3M"", ""\uc774\uc6a9\uae08\uc561_\uc2e0\uc6a9_B0M"", ""\uc794\uc561_\uc2e0\ud310\ud3c9\uade0\ud55c\ub3c4\uc18c\uc9c4\uc728_r6m"", ""\uce74\ub4dc\uc774\uc6a9\ud55c\ub3c4\uae08\uc561"", ""RV_\ucd5c\ub300\uc794\uc561_R12M"", ""\uc794\uc561_B0M""]",452.663117647171,104.05859375,-171442.878324031,871.0444340161107,"[-170807.9103808005, -172250.26219108512, -170526.48204337747, -170914.3121456385, -172715.4248592534]",179703.15359012314,57416500399.69158,239617.40420865006,0.7494434382268846
random_forest_14_b508b76f,2025-12-21T04:20:54.899210,random_forest,"{""max_depth"": 20, ""min_samples_leaf"": 10, ""min_samples_split"": 30, ""n_estimators"": 200}",8,"[""\uc794\uc561_\ub9ac\ubcfc\ube59\uc77c\uc2dc\ubd88\uc774\uc6d4_B0M"", ""\uc6d4\uc911\ud3c9\uc794_RV\uc77c\uc2dc\ubd88"", ""\ud3c9\uc794_RV\uc77c\uc2dc\ubd88_3M"", ""\uc774\uc6a9\uae08\uc561_\uc2e0\uc6a9_B0M"", ""\uc794\uc561_\uc2e0\ud310\ud3c9\uade0\ud55c\ub3c4\uc18c\uc9c4\uc728_r6m"", ""\uce74\ub4dc\uc774\uc6a9\ud55c\ub3c4\uae08\uc561"", ""RV_\ucd5c\ub300\uc794\uc561_R12M"", ""\uc794\uc561_B0M""]",215.95131993293762,-121.1953125,-171314.05371844015,876.5481242252054,"[-170673.51046570286, -172103.47469655395, -170429.8072542108, -170744.7411480217, -172618.73502771137]",179589.7218638,57361509405.38115,239502.62922435976,0.7496834102622227
random_forest_15_a708407e,2025-12-21T04:28:03.890361,random_forest,"{""max_depth"": 20, ""min_samples_leaf"": 10, ""min_samples_split"": 30, ""n_estimators"": 400}",8,"[""\uc794\uc561_\ub9ac\ubcfc\ube59\uc77c\uc2dc\ubd88\uc774\uc6d4_B0M"", ""\uc6d4\uc911\ud3c9\uc794_RV\uc77c\uc2dc\ubd88"", ""\ud3c9\uc794_RV\uc77c\uc2dc\ubd88_3M"", ""\uc774\uc6a9\uae08\uc561_\uc2e0\uc6a9_B0M"", ""\uc794\uc561_\uc2e0\ud310\ud3c9\uade0\ud55c\ub3c4\uc18c\uc9c4\uc728_r6m"", ""\uce74\ub4dc\uc774\uc6a9\ud55c\ub3c4\uae08\uc561"", ""RV_\ucd5c\ub300\uc794\uc561_R12M"", ""\uc794\uc561_B0M""]",428.977082490921,99.328125,-171263.82453850767,894.4689081030828,"[-170622.9030521828, -172109.37947392094, -170307.7201055116, -170723.55248934662, -172555.5675715764]",179535.87498158994,57322119528.53133,239420.382441703,0.7498553014789193
random_forest_16_50f347f2,2025-12-21T04:32:13.900240,random_forest,"{""max_depth"": 50, ""min_samples_leaf"": 5, ""min_samples_split"": 10, ""n_estimators"": 200}",8,"[""\uc794\uc561_\ub9ac\ubcfc\ube59\uc77c\uc2dc\ubd88\uc774\uc6d4_B0M"", ""\uc6d4\uc911\ud3c9\uc794_RV\uc77c\uc2dc\ubd88"", ""\ud3c9\uc794_RV\uc77c\uc2dc\ubd88_3M"", ""\uc774\uc6a9\uae08\uc561_\uc2e0\uc6a9_B0M"", ""\uc794\uc561_\uc2e0\ud310\ud3c9\uade0\ud55c\ub3c4\uc18c\uc9c4\uc728_r6m"", ""\uce74\ub4dc\uc774\uc6a9\ud55c\ub3c4\uae08\uc561"", ""RV_\ucd5c\ub300\uc794\uc561_R12M"", ""\uc794\uc561_B0M""]",249.99685716629028,63.8671875,-172290.6151027607,777.9740954835797,"[-171699.99154202463, -172955.9400995368, -171540.2586231413, -171778.90298188443, -173477.98226721628]",180371.15412313628,57691160771.06157,240189.84318880257,0.7482448636389747
random_forest_17_919939a9,2025-12-21T04:40:01.331073,random_forest,"{""max_depth"": 50, ""min_samples_leaf"": 5, ""min_samples_split"": 10, ""n_estimators"": 400}",8,"[""\uc794\uc561_\ub9ac\ubcfc\ube59\uc77c\uc2dc\ubd88\uc774\uc6d4_B0M"", ""\uc6d4\uc911\ud3c9\uc794_RV\uc77c\uc2dc\ubd88"", ""\ud3c9\uc794_RV\uc77c\uc2dc\ubd88_3M"", ""\uc774\uc6a9\uae08\uc561_\uc2e0\uc6a9_B0M"", ""\uc794\uc561_\uc2e0\ud310\ud3c9\uade0\ud55c\ub3c4\uc18c\uc9c4\uc728_r6m"", ""\uce74\ub4dc\uc774\uc6a9\ud55c\ub3c4\uae08\uc561"", ""RV_\ucd5c\ub300\uc794\uc561_R12M"", ""\uc794\uc561_B0M""]",467.4175817966461,232.7265625,-172140.0438815876,777.3577967895922,"[-171572.42398833318, -172864.3032012061, -171272.2609489918, -171731.16417955968, -173260.06708984735]",180302.790679571,57625942934.12155,240054.0416950349,0.748529464004309
random_forest_18_ebba2707,2025-12-21T04:43:50.136533,random_forest,"{""max_depth"": 50, ""min_samples_leaf"": 5, ""min_samples_split"": 30, ""n_estimators"": 200}",8,"[""\uc794\uc561_\ub9ac\ubcfc\ube59\uc77c\uc2dc\ubd88\uc774\uc6d4_B0M"", ""\uc6d4\uc911\ud3c9\uc794_RV\uc77c\uc2dc\ubd88"", ""\ud3c9\uc794_RV\uc77c\uc2dc\ubd88_3M"", ""\uc774\uc6a9\uae08\uc561_\uc2e0\uc6a9_B0M"", ""\uc794\uc561_\uc2e0\ud310\ud3c9\uade0\ud55c\ub3c4\uc18c\uc9c4\uc728_r6m"", ""\uce74\ub4dc\uc774\uc6a9\ud55c\ub3c4\uae08\uc561"", ""RV_\ucd5c\ub300\uc794\uc561_R12M"", ""\uc794\uc561_B0M""]",228.7935085296631,-398.33203125,-171559.0292134075,793.8604388374245,"[-171030.6164937581, -172283.90242434072, -170726.82797852915, -171024.9110977023, -172728.88807270734]",179680.24404448975,57304412070.33407,239383.39973844064,0.7499325740366816
random_forest_19_b8c16c83,2025-12-21T04:51:14.767582,random_forest,"{""max_depth"": 50, ""min_samples_leaf"": 5, ""min_samples_split"": 30, ""n_estimators"": 400}",8,"[""\uc794\uc561_\ub9ac\ubcfc\ube59\uc77c\uc2dc\ubd88\uc774\uc6d4_B0M"", ""\uc6d4\uc911\ud3c9\uc794_RV\uc77c\uc2dc\ubd88"", ""\ud3c9\uc794_RV\uc77c\uc2dc\ubd88_3M"", ""\uc774\uc6a9\uae08\uc561_\uc2e0\uc6a9_B0M"", ""\uc794\uc561_\uc2e0\ud310\ud3c9\uade0\ud55c\ub3c4\uc18c\uc9c4\uc728_r6m"", ""\uce74\ub4dc\uc774\uc6a9\ud55c\ub3c4\uae08\uc561"", ""RV_\ucd5c\ub300\uc794\uc561_R12M"", ""\uc794\uc561_B0M""]",444.617383480072,102.80859375,-171466.78131040488,803.2020938835989,"[-170907.90521538092, -172277.87186448116, -170571.01568972264, -170999.2589292372, -172577.8548532026]",179660.0966384171,57272855614.855644,239317.47870737658,0.7500702814366691
random_forest_20_5ae063de,2025-12-21T04:54:52.449147,random_forest,"{""max_depth"": 50, ""min_samples_leaf"": 10, ""min_samples_split"": 10, ""n_estimators"": 200}",8,"[""\uc794\uc561_\ub9ac\ubcfc\ube59\uc77c\uc2dc\ubd88\uc774\uc6d4_B0M"", ""\uc6d4\uc911\ud3c9\uc794_RV\uc77c\uc2dc\ubd88"", ""\ud3c9\uc794_RV\uc77c\uc2dc\ubd88_3M"", ""\uc774\uc6a9\uae08\uc561_\uc2e0\uc6a9_B0M"", ""\uc794\uc561_\uc2e0\ud310\ud3c9\uade0\ud55c\ub3c4\uc18c\uc9c4\uc728_r6m"", ""\uce74\ub4dc\uc774\uc6a9\ud55c\ub3c4\uae08\uc561"", ""RV_\ucd5c\ub300\uc794\uc561_R12M"", ""\uc794\uc561_B0M""]",217.67055296897888,-26.35546875,-171522.30962547442,849.28216037815,"[-170905.3570253833, -172269.08915839673, -170674.83768215266, -170961.24765893162, -172801.0166025077]",179801.55127877963,57474438069.50206,239738.2699309855,0.7491906073639132
random_forest_21_c3a11d1b,2025-12-21T05:01:53.802645,random_forest,"{""max_depth"": 50, ""min_samples_leaf"": 10, ""min_samples_split"": 10, ""n_estimators"": 400}",8,"[""\uc794\uc561_\ub9ac\ubcfc\ube59\uc77c\uc2dc\ubd88\uc774\uc6d4_B0M"", ""\uc6d4\uc911\ud3c9\uc794_RV\uc77c\uc2dc\ubd88"", ""\ud3c9\uc794_RV\uc77c\uc2dc\ubd88_3M"", ""\uc774\uc6a9\uae08\uc561_\uc2e0\uc6a9_B0M"", ""\uc794\uc561_\uc2e0\ud310\ud3c9\uade0\ud55c\ub3c4\uc18c\uc9c4\uc728_r6m"", ""\uce74\ub4dc\uc774\uc6a9\ud55c\ub3c4\uae08\uc561"", ""RV_\ucd5c\ub300\uc794\uc561_R12M"", ""\uc794\uc561_B0M""]",421.341521024704,65.71484375,-171470.9848274738,864.4586433222322,"[-170848.05380854523, -172264.29233187204, -170554.6839417668, -170949.1691331928, -172738.72492199208]",179740.4797222681,57431550226.107506,239648.806018531,0.7493777631555061
random_forest_22_019e7191,2025-12-21T05:05:32.711836,random_forest,"{""max_depth"": 50, ""min_samples_leaf"": 10, ""min_samples_split"": 30, ""n_estimators"": 200}",8,"[""\uc794\uc561_\ub9ac\ubcfc\ube59\uc77c\uc2dc\ubd88\uc774\uc6d4_B0M"", ""\uc6d4\uc911\ud3c9\uc794_RV\uc77c\uc2dc\ubd88"", ""\ud3c9\uc794_RV\uc77c\uc2dc\ubd88_3M"", ""\uc774\uc6a9\uae08\uc561_\uc2e0\uc6a9_B0M"", ""\uc794\uc561_\uc2e0\ud310\ud3c9\uade0\ud55c\ub3c4\uc18c\uc9c4\uc728_r6m"", ""\uce74\ub4dc\uc774\uc6a9\ud55c\ub3c4\uae08\uc561"", ""RV_\ucd5c\ub300\uc794\uc561_R12M"", ""\uc794\uc561_B0M""]",218.89585900306702,-144.25,-171333.22586060403,873.8867116509539,"[-170700.71016504965, -172112.4055467886, -170447.6491584948, -170766.21258453376, -172639.15184815336]",179617.48561116593,57372752597.6967,239526.10003441526,0.749634346742323
random_forest_23_81b077c4,2025-12-21T05:12:38.022175,random_forest,"{""max_depth"": 50, ""min_samples_leaf"": 10, ""min_samples_split"": 30, ""n_estimators"": 400}",8,"[""\uc794\uc561_\ub9ac\ubcfc\ube59\uc77c\uc2dc\ubd88\uc774\uc6d4_B0M"", ""\uc6d4\uc911\ud3c9\uc794_RV\uc77c\uc2dc\ubd88"", ""\ud3c9\uc794_RV\uc77c\uc2dc\ubd88_3M"", ""\uc774\uc6a9\uae08\uc561_\uc2e0\uc6a9_B0M"", ""\uc794\uc561_\uc2e0\ud310\ud3c9\uade0\ud55c\ub3c4\uc18c\uc9c4\uc728_r6m"", ""\uce74\ub4dc\uc774\uc6a9\ud55c\ub3c4\uae08\uc561"", ""RV_\ucd5c\ub300\uc794\uc561_R12M"", ""\uc794\uc561_B0M""]",425.299596786499,101.63671875,-171280.3555313606,890.263253662988,"[-170647.6908327358, -172113.68289285537, -170326.39380715982, -170742.02651509986, -172571.98360895214]",179561.63869133726,57333196227.297295,239443.5136463239,0.7498069645106388
